{"components/common/payment-icons":"{{#with theme_settings}}\n    {{#or show_accept_amex show_accept_discover show_accept_mastercard show_accept_paypal show_accept_visa show_accept_amazonpay show_accept_googlepay show_accept_klarna}}\n    <div class=\"footer-payment-icons\">\n        {{#if show_accept_amex}}\n        <svg class=\"footer-payment-icon\"><use href=\"#icon-logo-american-express\"></use></svg>\n        {{/if}}\n        {{#if show_accept_discover}}\n        <svg class=\"footer-payment-icon\"><use href=\"#icon-logo-discover\"></use></svg>\n        {{/if}}\n        {{#if show_accept_mastercard}}\n        <svg class=\"footer-payment-icon\"><use href=\"#icon-logo-mastercard\"></use></svg>\n        {{/if}}\n        {{#if show_accept_paypal}}\n        <svg class=\"footer-payment-icon\"><use href=\"#icon-logo-paypal\"></use></svg>\n        {{/if}}\n        {{#if show_accept_visa}}\n        <svg class=\"footer-payment-icon\"><use href=\"#icon-logo-visa\"></use></svg>\n        {{/if}}\n        {{#if show_accept_amazonpay}}\n        <svg class=\"footer-payment-icon\"><use href=\"#icon-logo-amazonpay\"></use></svg>\n        {{/if}}\n        {{#if show_accept_googlepay}}\n        <svg class=\"footer-payment-icon\"><use href=\"#icon-logo-googlepay\"></use></svg>\n        {{/if}}\n        {{#if show_accept_klarna}}\n        <svg class=\"footer-payment-icon\"><use href=\"#icon-logo-klarna\"></use></svg>\n        {{/if}}\n    </div>\n    {{/or}}\n{{/with}}\n","components/gordonbyte/common/blog-article":"{{#each (limit blog.recent_posts posts_count)}}\n<div class=\"blog-content-holder \">\n  <a href=\"{{url}}\">\n  <div class=\"latest-blog-content\">\n    <div class=\"latest-blog-img{{#unless thumbnail }} no-img-size{{/unless}}\">\n      {{#if thumbnail }}\n      <img src=\"{{getImage thumbnail }}\"\n            data-sizes=\"auto\"\n            alt=\"{{title}}\"\n            {{#unless lazyload '==' 'disabled'}}\n                {{#if lazyload '==' 'lazyload+lqip'}}\n                {{!-- If we want a LQIP, include it as the default srcset (will be overwritten by lazysizes) --}}\n                srcset=\"{{getImageSrcset thumbnail}}\"\n                {{else}}\n                  {{!-- If we don't want a LQIP, use a 1px transparent gif for the stand-in image\n                        This requires no additional network request, so it's fast --}}\n                srcset=\"data:image/gif;base64,R0lGODlhAQABAIAAAP///wAAACH5BAEAAAAALAAAAAABAAEAAAICRAEAOw==\"\n                {{/if}}\n            {{/unless}}\n\n            {{#unless lazyload '==' 'disabled'}}data-{{/unless}}srcset=\"{{getImageSrcset thumbnail use_default_sizes=true }}\"\n\n            class=\"{{#unless lazyload '==' 'disabled'}}lazyload{{/unless}}\"\n            {{#if lazyload '==' 'lazyload'}}loading=\"lazy\"{{/if}}\n            >\n    {{else}}\n      {{> components/gordonbyte/common/no-img}}\n    {{/if}}\n    </div>\n    <div class=\"latest-blog-title\">\n      <h3>{{title}}</h3>\n      <div class=\"blogInfo\">\n        {{summary}}\n      </div><!--.blogInfo ends-->\n      <div class=\"latest-read-more\">\n        Read More\n      </div>\n    </div>\n  </div><!--.latest-blog-content ends-->\n  </a>\n</div><!--.blog-content-holder ends-->\n{{/each}}\n","components/gordonbyte/common/newsletter/subscription-form":"<div class=\"newsletter-info\">\n  {{#if theme_settings.gb-popup-headertext}}\n    <h3 class=\"footer-info-heading\">{{ theme_settings.gb-popup-headertext }}</h3>\n  {{/if}}\n\n  {{#if theme_settings.gb-popup-descriptiontext }}\n    <p>{{ theme_settings.gb-popup-descriptiontext }}</p>\n  {{/if}}\n</div>\n\n<div class=\"newsletter-form-field\">\n  <form class=\"form\" action=\"{{urls.subscribe.action}}\" method=\"post\">\n      <fieldset class=\"form-fieldset\">\n          <input type=\"hidden\" name=\"action\" value=\"subscribe\">\n          <input type=\"hidden\" name=\"nl_first_name\" value=\"bc\">\n          <input type=\"hidden\" name=\"check\" value=\"1\">\n          <div class=\"form-field\">\n              <label class=\"form-label is-srOnly\" for=\"nl_email\">{{lang 'common.email_address'}}</label>\n              <div class=\"form-prefixPostfix wrap\">\n                  <input class=\"form-input\"\n                         id=\"nl_email\"\n                         name=\"nl_email\"\n                         type=\"email\"\n                         value=\"{{customer.email}}\"\n                         placeholder=\"{{lang 'newsletter.email_placeholder'}}\"\n                         aria-describedby=\"alertBox-message-text\"\n                         aria-required=\"true\"\n                  >\n                  <button class=\"button btn button--primary style-action\" type=\"submit\" name=\"button\"><span>{{lang 'newsletter.subscribe_submit'}}</span></button>\n              </div>\n              {{#if settings.show_newsletter_summary }}\n                  <div class=\"footer-newsletter-summary\">{{settings.newsletter_summary}}</div>\n              {{/if}}\n          </div>\n      </fieldset>\n  </form>\n</div>\n","components/gordonbyte/common/no-img":"<div class=\"no-img\">\n      <svg xmlns=\"http://www.w3.org/2000/svg\" viewBox=\"0 0 512 384\">\n        <path d=\"M480,64H32A32,32,0,0,0,0,96V416a32,32,0,0,0,32,32H480a32,32,0,0,0,32-32V96A32,32,0,0,0,480,64Zm-32,64V318.38L364.5,214a16,16,0,0,0-24.69-.37l-88.5,104.12-48.9-41.91a16,16,0,0,0-19.88-.76L64,362V128Z\" transform=\"translate(0 -64)\"></path>\n        <circle cx=\"160\" cy=\"128\" r=\"32\"></circle>\n      </svg>\n</div>\n","components/gordonbyte/common/social-links":"{{#if social_media}}\n    <ul class=\"socialLinks socialLinks--alt\">\n        {{#each social_media}}\n            <li class=\"socialLinks-item style-action\">\n                <a class=\"icon icon--{{display_name}}\"\n                   href=\"{{url}}\"\n                   target=\"_blank\"\n                   rel=\"noopener\"\n                   title=\"{{{capitalize display_name}}}\"\n                >\n                    <span class=\"aria-description--hidden\">{{{capitalize display_name}}}</span>\n                    <svg>\n                        <use href=\"#icon-{{display_name}}\"/>\n                    </svg>\n                </a>\n            </li>\n        {{/each}}\n    </ul>\n{{/if}}\n","components/gordonbyte/common/store-logo-footer":"<a href=\"{{urls.home}}\" class=\"header-logo__link\">\n    {{#if theme_settings.gb-footer-logo }}\n        {{#if theme_settings.logo_size '===' 'original'}}\n            <img class=\"header-logo-image-unknown-size\" src=\"{{getImageManagerImage theme_settings.gb-footer-logo }}\" alt=\"{{settings.store_logo.title}}\" title=\"{{settings.store_logo.title}}\">\n        {{else}}\n            <div class=\"header-logo-image-container\">\n                <img class=\"header-logo-image\" src=\"{{getImageManagerImage theme_settings.gb-footer-logo }}\" alt=\"{{settings.store_logo.title}}\" title=\"{{settings.store_logo.title}}\">\n            </div>\n        {{/if}}\n    {{else}}\n        <span class=\"header-logo-text\">{{settings.store_logo.title}}</span>\n    {{/if}}\n</a>\n","components/gordonbyte/footer":"{{#if banners.bottom}}\n    {{#if settings.data_tag_enabled}}\n        <div class=\"banners\" data-banner-location=\"bottom\">\n            {{#each (limit banners.bottom_metadata 1)}}\n                <div class=\"banner\" data-event-type=\"promotion\" data-entity-id=\"{{this.id}}\" data-name=\"{{this.banner-name}}\" data-position=\"{{this.location}}\" data-name=\"{{this.banner-name}}\">\n                    <div data-event-type=\"promotion-click\">\n                        {{{this.content}}}\n                    </div>\n                </div>\n            {{/each}}\n        </div>\n    {{else}}\n        <div class=\"banners\" data-banner-location=\"bottom\">\n            <div class=\"banner\">\n                {{{limit banners.bottom 1}}}\n            </div>\n        </div>\n    {{/if}}\n\n{{/if}}\n\n\n<footer class=\"footer top-new\" role=\"contentinfo\">\n    <h2 class=\"footer-title-sr-only\">{{lang 'footer.title'}}</h2>\n    <div class=\"container\">\n        <section class=\"footer-info{{#if theme_settings.gb-footer-style '==' 3}} footer_three{{/if}}\">\n\n            <article class=\"footer-info-col footer-info-holder\" data-section-type=\"storeInfo\">\n                <div class=\"footer-logo\">\n                  {{#if page_type '===' 'default'}}\n                      <h1 class=\"header-logo header-logo--{{theme_settings.logo-position}}\">\n                          {{> components/gordonbyte/common/store-logo-footer }}\n                      </h1>\n                  {{else}}\n                      <div class=\"header-logo header-logo--{{theme_settings.logo-position}}\">\n                          {{> components/gordonbyte/common/store-logo-footer }}\n                      </div>\n                  {{/if}}\n                </div>\n\n                {{#if settings.address}}\n                  <address>{{nl2br settings.address}}</address>\n                {{/if}}\n\n                {{#if settings.phone_number}}\n                    <strong>{{lang 'footer.call_us' phone_number=settings.phone_number}}</strong>\n                {{/if}}\n\n                {{> components/gordonbyte/common/social-links}}\n            </article>\n            \n            <article class=\"footer-info-col footer-link\" data-section-type=\"footer-webPages\">\n                <h2 class=\"footer-info-heading\">{{lang 'footer.navigate'}}</h2>\n                <ul class=\"footer-info-list\">\n                    {{#each (limit pages (subtract theme_settings.gb-footer-columnLinks 1))}}\n                        <li>\n                            <a href=\"{{url}}\">{{name}}</a>\n                        </li>\n                    {{/each}}\n                    <li>\n                        <a href=\"{{urls.sitemap}}\">{{lang 'sitemap.page_title'}}</a>\n                    </li>\n                </ul>\n            </article>\n\n            <article class=\"footer-info-col footer-link\" data-section-type=\"footer-categories\">\n                <h2 class=\"footer-info-heading\">{{lang 'footer.categories'}}</h2>\n                <ul class=\"footer-info-list\">\n                    {{#each (limit categories theme_settings.gb-footer-columnLinks)}}\n                        <li>\n                            <a href=\"{{url}}\">{{name}}</a>\n                        </li>\n                    {{/each}}\n                </ul>\n            </article>\n\n\n            <article class=\"footer-info-col footer-link\" data-section-type=\"footer-brands\">\n              {{#and theme_settings.shop_by_brand_show_footer shop_by_brand.length}}\n                <h2 class=\"footer-info-heading\">{{lang 'footer.brands'}}</h2>\n                <ul class=\"footer-info-list\">\n                    {{#each (limit shop_by_brand (subtract theme_settings.gb-footer-columnLinks 1))}}\n                        <li>\n                            <a href=\"{{url}}\">{{name}}</a>\n                        </li>\n                    {{/each}}\n                    <li><a href=\"{{urls.brands}}\">{{lang 'common.view_all'}}</a></li>\n                </ul>\n                {{/and}}\n            </article>\n\n            {{#if theme_settings.gb-footer-style \"==\" 1}}\n            <article class=\"footer-info-col footer-news\" data-section-type=\"newsletterSubscription\">\n                {{#if settings.show_newsletter_box}}\n                    {{> components/gordonbyte/common/newsletter/subscription-form }}\n                {{/if}}\n            </article>\n            {{/if}}\n\n            {{#if theme_settings.gb-footer-style \"==\" 2}}\n                <div class=\"footer-blog\">\n                  <h2 class=\"footer-info-heading\">{{ theme_settings.gb-blog-main-title }}</h2>\n                  {{> components/gordonbyte/common/blog-article posts_count=1}}\n                </div>\n            {{/if}}\n\n        </section>\n\n        <div class=\"footer-geotrust-ssl-seal\">\n            {{{region name=\"ssl_site_seal--global\"}}}\n        </div>\n\n    </div>\n\n        <div class=\"footer-copyright\">\n            <div class=\"container\">\n      \n              <div class=\"copyright-holder\">\n                <div class=\"copyright-right\">\n                    {{> components/common/payment-icons}}\n                </div>\n      \n                <div class=\"copyright-left\">\n                  {{#if theme_settings.show_copyright_footer}}\n                          <span class=\"powered-by\">&copy; {{moment format=\"YYYY\"}} {{settings.store_name}} </span>\n                  {{/if}}\n                  {{#if theme_settings.show_powered_by}}\n                          <span class=\"powered-by\">{{lang 'footer.powered_by'}} <a href=\"https://www.bigcommerce.com?utm_source=merchant&amp;utm_medium=poweredbyBC\" rel=\"nofollow\">BigCommerce</a></span>\n                  {{/if}}\n                  {{#if settings.paypal_commerce_credit_message}}\n                      <span class=\"paypal-credit\">{{nl2br settings.paypal_commerce_credit_message}}</span>\n                  {{/if}}\n                </div>\n              </div><!--.copyright-holder ends-->\n      \n            </div>\n        </div>\n</footer>\n\n{{{region name=\"home_below_footer\"}}}\n{{{region name=\"home_below_footer--global\"}}}"}
